"email","password","name","shoppingPreference","dateOfBirth","privacyTermsAgreed","createdAt","phoneNumber"
"William_Jones_237@dsfclimatecool.com","Yw37Xs47","William Jones","MENS","13/12/1986",true,"2023-08-05T10:59:03.500Z","+18609713731"
"Richard_Doe_309@dsfclimatecool.com","Li44MJpV","Richard Doe","MENS","06/05/1965",true,"2023-08-05T11:49:52.653Z","+17743692172"
"Robert_Timothy_988@dsfclimatecool.com","By9LTbd0","Robert Timothy","MENS","26/10/1981",true,"2023-08-05T11:50:22.096Z","+118382361582"
"James_Dennis_493@dsfclimatecool.com","Xo01Gijx","James Dennis","MENS","30/09/1991",true,"2023-08-05T12:23:59.760Z","+15752057590"
"James_Edward_457@dsfclimatecool.com","Sa0xm9Zc","James Edward","MENS","10/05/1990",true,"2023-08-05T13:21:54.207Z","+17734575236"
"Emma_Jeffrey_282@dsfclimatecool.com","Nv5FvRec","Emma Jeffrey","MENS","25/05/1951",true,"2023-08-05T13:22:00.568Z","+19253000167"
"Thomas_Stephen_214@dsfclimatecool.com","Ib6BPTEZ","Thomas Stephen","MENS","11/11/1967",true,"2023-08-05T13:22:10.479Z","+17654354682"
"Sara_Jeffrey_828@dsfclimatecool.com","Je9xvcI7","Sara Jeffrey","MENS","13/05/1989",true,"2023-08-05T13:57:30.843Z","+15642133020"
"James_Timothy_696@dsfclimatecool.com","Ss2X8t2K","James Timothy","MENS","21/12/1959",true,"2023-08-08T07:15:28.979Z","+17693336214"
"Thomas_Edward_290@dsfclimatecool.com","Dt9gNXW0","Thomas Edward","MENS","09/09/1962",true,"2023-08-08T08:05:54.804Z","+15513637789"
"David_Stephen_899@dsfclimatecool.com","Aj5JuQdE","David Stephen","MENS","23/06/1963",true,"2023-08-08T08:10:50.102Z","+15623360971"
"Thomas_Jones_008@dsfclimatecool.com","Wc8ayKzr","Thomas Jones","MENS","27/11/1974",true,"2023-08-08T08:18:55.475Z","+17632974891"
"William_Timothy_933@dsfclimatecool.com","Fz82tazp","William Timothy","MENS","01/04/1952",true,"2023-08-08T08:18:56.134Z","+15627252348"
"David_Wilson_830@dsfclimatecool.com","Rl7r62La","David Wilson","MENS","04/09/2002",true,"2023-08-08T08:19:07.267Z","+12059617906"
"Emma_George_488@dsfclimatecool.com","Yi3AQKgj","Emma George","MENS","04/05/1989",true,"2023-08-08T09:08:47.740Z","+13136610632"
"Mark_Jones_806@dsfclimatecool.com","Cq8Jnhcg","Mark Jones","MENS","03/12/1981",true,"2023-08-08T09:08:48.984Z","+17573567876"
"Gary_Jeffrey_352@dsfclimatecool.com","Mz5nzZmK","Gary Jeffrey","MENS","27/08/1979",true,"2023-08-08T09:26:52.452Z","+19517072109"
"James_Doe_418@dsfclimatecool.com","Tj4Uwm2G","James Doe","MENS","01/09/1986",true,"2023-08-08T11:30:30.061Z","+12067614470"
"Alex_Dennis_853@dsfclimatecool.com","Ax1aqA0R","Alex Dennis","MENS","07/06/1973",true,"2023-08-08T11:30:36.364Z","+19083874006"
"Sara_Dennis_357@dsfclimatecool.com","Sq67gwU2","Sara Dennis","MENS","01/06/1953",true,"2023-08-08T11:41:12.796Z","+15736211990"
"William_Stephen_760@dsfclimatecool.com","Yi0x1bN2","William Stephen","MENS","19/09/1972",true,"2023-08-08T15:09:36.808Z","+16363894516"
"Richard_Timothy_889@dsfclimatecool.com","Cs6CaLbY","Richard Timothy","MENS","28/05/1953",true,"2023-08-08T15:26:18.857Z","+118508295204"
"Thomas_Dennis_595@dsfclimatecool.com","Ay5xLmX0","Thomas Dennis","MENS","08/03/1977",true,"2023-08-08T15:55:23.835Z","+14753157699"
"Robert_Timothy_013@dsfclimatecool.com","Th1mjO9Y","Robert Timothy","MENS","11/11/1997",true,"2023-08-09T06:27:04.241Z","+18382361582"
"William_Timothy_725@dsfclimatecool.com","Dn5nSVIQ","William Timothy","MENS","27/06/1965",true,"2023-08-09T06:27:06.130Z","+15416512538"
"James_Anthony_886@dsfclimatecool.com","Ye5yHSRO","James Anthony","MENS","23/12/1954",true,"2023-08-09T06:27:07.699Z","+17318009307"
"James_Dennis_445@dsfclimatecool.com","Pd4K6VRO","James Dennis","MENS","20/12/1967",true,"2023-08-09T06:41:16.558Z","+12292094583"
"James_Wilson_022@dsfclimatecool.com","Hi5Ua9Qy","James Wilson","MENS","10/04/1981",true,"2023-08-09T06:41:21.615Z","+17622702234"
"David_Jones_868@dsfclimatecool.com","Em6W25wB","David Jones","MENS","07/02/1966",true,"2023-08-09T06:41:57.699Z","+12078868672"
"Gary_Jones_624@dsfclimatecool.com","Wb0IqCqG","Gary Jones","MENS","21/11/1978",true,"2023-08-09T06:52:25.904Z","+16058685680"
"Charles_Smith_440@dsfclimatecool.com","Gv4uW4FT","Charles Smith","MENS","23/06/1954",true,"2023-08-09T07:05:49.498Z","+12342477960"
"James_Dennis_389@dsfclimatecool.com","Gh9TFHFt","James Dennis","MENS","25/08/1951",true,"2023-08-09T07:05:53.197Z","+15752057590"
"Thomas_Edward_545@dsfclimatecool.com","Jq0fM3PN","Thomas Edward","MENS","25/09/1955",true,"2023-08-09T07:06:02.084Z","+15513637789"
"Gary_Anthony_716@dsfclimatecool.com","Wj4OKtIl","Gary Anthony","MENS","02/04/1976",true,"2023-08-09T07:06:09.113Z","+15674072445"
"Thomas_George_303@dsfclimatecool.com","Um7Y2vQV","Thomas George","MENS","19/07/1970",true,"2023-08-09T07:06:29.322Z","+15594062665"
"Sara_Edward_639@dsfclimatecool.com","Kj1jdCTC","Sara Edward","MENS","30/12/1956",true,"2023-08-09T07:21:26.829Z","+19286604947"
"William_Timothy_078@dsfclimatecool.com","Zd98ZdAl","William Timothy","MENS","19/03/1993",true,"2023-08-09T07:22:06.093Z","+15627252348"
"Mia_White_309@dsfclimatecool.com","Vr4c0dX5","Mia White","MENS","17/09/1988",true,"2023-08-09T07:41:30.493Z","+14588771496"
"Alexander_Martinez_157@dsfclimatecool.com","Nh8gZBjW","Alexander Martinez","MENS","29/04/1984",true,"2023-08-09T07:41:38.621Z","+16159856246"
"Alexander_Garcia_571@dsfclimatecool.com","Da5RKZ1X","Alexander Garcia","MENS","06/05/1986",true,"2023-08-09T07:41:48.084Z","+14406646310"
"Ava_Harris_950@dsfclimatecool.com","Wd8Zynrm","Ava Harris","MENS","13/12/1978",true,"2023-08-09T07:52:53.759Z","+18312442723"
"Lucas_Thompson_216@dsfclimatecool.com","Kp7jqA62","Lucas Thompson","MENS","08/01/1971",true,"2023-08-09T07:53:00.534Z","+12097822119"
"Sophia_Thompson_814@dsfclimatecool.com","Ub3pW8Tp","Sophia Thompson","MENS","06/09/2002",true,"2023-08-09T07:53:06.106Z","+17869544376"
"Jackson_Thomas_159@dsfclimatecool.com","Xt97IhJi","Jackson Thomas","MENS","01/11/1976",true,"2023-08-09T07:53:33.516Z","+17652406607"
"reggiedonnelly189@web.de","Wo1V9N8q","reggiedonnelly Moore","MENS","26/07/1955",true,"2023-08-09T08:11:13.606Z","+13132057074"
"Olivia_Taylor_782@dsfclimatecool.com","Yw9gAEec","Olivia Taylor","MENS","03/05/1951",true,"2023-08-09T08:22:00.941Z","+18396664869"
"Noah_Moore_783@dsfclimatecool.com","Qq6y8A5Z","Noah Moore","MENS","30/05/1987",true,"2023-08-09T08:22:00.942Z","+15734040374"
"mayarunte498@web.de","Oe1d9foq","mayarunte Davis","MENS","29/07/1990",true,"2023-08-09T08:25:39.801Z","+15512727644"
"charliereichel865@web.de","Ks52Kb0L","charliereichel Thomas","MENS","14/08/1954",true,"2023-08-09T08:25:43.465Z","+19716341274"
"Charlotte_Anderson_874@dsfclimatecool.com","Dh1VCTgI","Charlotte Anderson","MENS","09/11/1999",true,"2023-08-09T14:19:31.418Z",
"Ava_Martin_970@dsfclimatecool.com","Cs24e0K9","Ava Martin","MENS","03/01/1979",true,"2023-08-09T14:50:29.192Z","+19565917406"
"Ava_Taylor_981@dsfclimatecool.com","Lc930NC8","Ava Taylor","MENS","11/11/1950",true,"2023-08-09T15:29:49.187Z","+19094402211"
"Amelia_Lee_415@dsfclimatecool.com","Ge0vxyM8","Amelia Lee","MENS","25/10/1952",true,"2023-08-09T15:40:24.332Z","+15854418347"
"Alexander_Taylor_992@dsfclimatecool.com","Jy9JKOkY","Alexander Taylor","MENS","05/05/1994",true,"2023-08-09T15:40:56.565Z","+12203455157"
"Sophia_Jones_521@dsfclimatecool.com","Qn0mQT5N","Sophia Jones","MENS","09/08/1965",true,"2023-08-09T15:41:02.920Z","+19098939492"
"Olivia_Anderson_491@dsfclimatecool.com","Uk1OVEi4","Olivia Anderson","MENS","05/08/1951",true,"2023-08-09T15:43:43.236Z","+12314626854"
"Noah_Thomas_385@dsfclimatecool.com","Cl6BvBJp","Noah Thomas","MENS","16/06/1963",true,"2023-08-09T15:50:36.035Z","+17744084035"
"Liam_Thomas_980@dsfclimatecool.com","Jo9n2zPA","Liam Thomas","MENS","25/02/1956",true,"2023-08-09T15:50:36.061Z","+16097229793"
"Liam_Brown_487@dsfclimatecool.com","Xy2hdB3Q","Liam Brown","MENS","13/02/1970",true,"2023-08-09T15:51:11.391Z","+13863557311"
"Harper_Wilson_536@dsfclimatecool.com","Us4ptW33","Harper Wilson","MENS","09/04/1970",true,"2023-08-09T15:51:11.840Z","+12695199532"
"Ethan_Smith_494@dsfclimatecool.com","Li0DYVgN","Ethan Smith","MENS","16/02/1962",true,"2023-08-09T15:52:32.976Z","+16675294856"
"Alexander_Davis_295@dsfclimatecool.com","Gr6dCHda","Alexander Davis","MENS","03/03/1976",true,"2023-08-09T16:09:37.735Z","+18654247666"
"Alexander_Brown_671@dsfclimatecool.com","Nk8LxkFI","Alexander Brown","MENS","17/12/1994",true,"2023-08-09T16:09:43.861Z","+17743859332"
"Emma_Anderson_623@dsfclimatecool.com","Lk3z4xQr","Emma Anderson","MENS","25/05/1999",true,"2023-08-09T16:10:00.519Z","+17244849756"
"Noah_Lee_863@dsfclimatecool.com","Bk3Ru6WO","Noah Lee","MENS","25/06/1951",true,"2023-08-09T16:10:10.270Z","+12409393987"
"Elijah_Anderson_200@dsfclimatecool.com","Rb8dZSR0","Elijah Anderson","MENS","22/03/1958",true,"2023-08-09T16:10:23.900Z","+13319999406"
"Liam_Davis_361@dsfclimatecool.com","Ax4znp0o","Liam Davis","MENS","30/08/1983",true,"2023-08-09T16:11:46.567Z","+19342275876"
"Noah_Miller_088@dsfclimatecool.com","Tz7T2TsJ","Noah Miller","MENS","06/09/1982",true,"2023-08-10T06:38:36.347Z","+14043849824"
"Amelia_Davis_442@dsfclimatecool.com","Mh9UVF0N","Amelia Davis","MENS","26/06/1974",true,"2023-08-10T06:38:44.728Z","+16078785707"
"Olivia_Garcia_121@dsfclimatecool.com","No2BFowP","Olivia Garcia","MENS","03/04/1990",true,"2023-08-10T06:38:47.476Z","+17754385953"
"Ava_Williams_504@dsfclimatecool.com","Fi268RuA","Ava Williams","MENS","23/03/1969",true,"2023-08-10T06:50:36.538Z","+18312680064"
"Aiden_Wilson_851@dsfclimatecool.com","Wp6ENits","Aiden Wilson","MENS","23/01/1974",true,"2023-08-10T06:50:38.001Z","+18722812254"
"Benjamin_Brown_041@dsfclimatecool.com","Do6Mayyd","Benjamin Brown","MENS","18/10/2000",true,"2023-08-10T06:50:38.472Z","+16602428538"
"Oliver_Thomas_060@dsfclimatecool.com","Wx6zKCFJ","Oliver Thomas","MENS","28/02/1952",true,"2023-08-10T06:50:40.988Z","+19179939770"
"Jackson_Jackson_406@dsfclimatecool.com","Ww4OB7rC","Jackson Jackson","MENS","22/07/1963",true,"2023-08-10T06:53:22.215Z","+18384686363"
"Olivia_Miller_622@dsfclimatecool.com","Yq8NMwPB","Olivia Miller","MENS","30/05/1974",true,"2023-08-10T07:00:00.567Z","+17749294324"
"Ava_Wilson_308@dsfclimatecool.com","Vl4dYttw","Ava Wilson","MENS","12/05/1973",true,"2023-08-10T07:00:02.440Z","+17322777366"
"Benjamin_Martinez_512@dsfclimatecool.com","Jf9CMLJE","Benjamin Martinez","MENS","21/02/1992",true,"2023-08-10T07:00:09.991Z","+17188255149"
"Charlotte_Smith_130@dsfclimatecool.com","Wa1c8NpV","Charlotte Smith","MENS","15/05/1977",true,"2023-08-10T07:00:14.818Z","+15592737235"
"Aiden_Wilson_746@dsfclimatecool.com","Ki3eOiOT","Aiden Wilson","MENS","01/08/2002",true,"2023-08-10T07:00:36.458Z","+15626363809"
"Ethan_Jones_130@dsfclimatecool.com","Ly49el2g","Ethan Jones","MENS","16/12/1985",true,"2023-08-10T07:10:35.563Z","+14784792642"
"Elijah_White_223@dsfclimatecool.com","Lw4W9gNK","Elijah White","MENS","19/12/1998",true,"2023-08-10T07:10:37.334Z","+17825208648"
"Benjamin_Williams_324@dsfclimatecool.com","Dd6i0Byy","Benjamin Williams","MENS","27/12/1998",true,"2023-08-10T07:10:38.833Z","+17192939814"
"Ethan_Williams_881@dsfclimatecool.com","Yp0bQ4sA","Ethan Williams","MENS","16/10/2002",true,"2023-08-10T07:10:41.242Z","+13312680048"
"Liam_Jones_472@dsfclimatecool.com","Zy5JTr2H","Liam Jones","MENS","19/12/1952",true,"2023-08-10T07:12:24.474Z","+17623352589"
"Harper_Miller_672@dsfclimatecool.com","It5KLiXE","Harper Miller","MENS","12/10/1953",true,"2023-08-10T07:21:08.745Z","+12208421683"
"Lucas_Wilson_466@dsfclimatecool.com","Yi7bpyQj","Lucas Wilson","MENS","07/06/1982",true,"2023-08-10T07:38:03.991Z","+13185691966"
"Ethan_Garcia_389@dsfclimatecool.com","Rn1jgvh8","Ethan Garcia","MENS","29/07/1996",true,"2023-08-10T07:48:04.244Z","+13374552318"
"Olivia_Thomas_184@dsfclimatecool.com","Es9dpJxj","Olivia Thomas","MENS","01/02/1995",true,"2023-08-10T08:16:17.800Z","+18633170199"
"Tyler_Louis_913@dsfclimatecool.com","Zx0stdCE","Tyler Louis","MENS","17/11/1985",true,"2023-08-10T09:31:48.993Z","+19124700225"
"Joel_Gross_491@dsfclimatecool.com","Wj3Uu5ua","Joel Gross","MENS","24/02/1954",true,"2023-08-10T09:32:20.593Z","+13526737138"
"Irene_Herrmann_824@dsfclimatecool.com","Tk99uzbe","Irene Herrmann","MENS","30/05/1980",true,"2023-08-10T10:13:50.567Z","+17792971948"
"Olivia_Humphries_038@dsfclimatecool.com","Sq3ty6Fs","Olivia Humphries","MENS","12/04/1959",true,"2023-08-10T10:28:54.009Z","+12342572365"
"Walter_Pellegrini_778@dsfclimatecool.com","Tc1ZDZY5","Walter Pellegrini","MENS","08/06/1979",true,"2023-08-10T10:29:11.792Z","+15304041033"
"Rosalie_Consigli_119@dsfclimatecool.com","Ih5FmiS1","Rosalie Consigli","MENS","27/08/1959",true,"2023-08-10T10:29:11.990Z","+19382343546"
"Edna_Reynaud_260@dsfclimatecool.com","Oz88qUaR","Edna Reynaud","MENS","22/07/1977",true,"2023-08-10T10:29:57.994Z","+15173486379"
"Victoria_Chiesi_044@dsfclimatecool.com","Hg8OTOTX","Victoria Chiesi","MENS","26/12/1972",true,"2023-08-10T10:34:29.496Z","+17432127529"
"Jordan_Slater_121@dsfclimatecool.com","Xb49LTes","Jordan Slater","MENS","07/04/1979",true,"2023-08-10T10:34:33.018Z","+12068287517"
"Elsie_Fei_631@dsfclimatecool.com","Zx4CBBB6","Elsie Fei","MENS","11/07/1974",true,"2023-08-10T10:35:20.594Z","+12202707983"
"Isabel_Atkins_241@dsfclimatecool.com","Rz4UkT3B","Isabel Atkins","MENS","15/06/1983",true,"2023-08-10T11:28:16.593Z","+13235034031"
"Jonathan_Giannetti_392@dsfclimatecool.com","Ao5Zu1Id","Jonathan Giannetti","MENS","01/01/1985",true,"2023-08-10T11:39:19.553Z","+16804770155"
"Craig_Soto_932@dsfclimatecool.com","Zy5PvItz","Craig Soto","MENS","05/05/1973",true,"2023-08-10T11:50:42.696Z","+17252391934"
"Luis_Toccafondi_310@dsfclimatecool.com","Fz9ZvDW3","Luis Toccafondi","MENS","16/07/1993",true,"2023-08-10T12:00:00.073Z","+15807584684"
"Alan_Miah_021@dsfclimatecool.com","Oh0uYk32","Alan Miah","MENS","17/01/1979",true,"2023-08-10T12:00:06.778Z","+18149974821"
"Madge_Valenti_641@dsfclimatecool.com","Nu39dMmO","Madge Valenti","MENS","18/06/1952",true,"2023-08-10T12:00:12.084Z","+17404025525"
"Jordan_Bond_109@dsfclimatecool.com","Ih40RpUM","Jordan Bond","MENS","26/07/1963",true,"2023-08-10T12:00:13.467Z","+12202076379"
"Bernice_Dumont_921@dsfclimatecool.com","Tc7Grl1M","Bernice Dumont","MENS","27/01/1988",true,"2023-08-10T12:00:13.756Z","+12096741593"
"Sean_Silvestri_586@dsfclimatecool.com","Qz8brNpY","Sean Silvestri","MENS","28/02/1979",true,"2023-08-10T12:06:33.939Z","+17627785156"
"Marcus_Bryant_849@dsfclimatecool.com","Xp9GTPUx","Marcus Bryant","MENS","26/06/1951",true,"2023-08-10T12:06:38.111Z","+13526525133"
"Floyd_Bertini_881@dsfclimatecool.com","Bv6UHoqD","Floyd Bertini","MENS","20/08/1968",true,"2023-08-10T12:07:20.360Z","+14238409997"
"Ricardo_Parri_512@dsfclimatecool.com","Zf9Lo855","Ricardo Parri","MENS","24/10/2002",true,"2023-08-10T12:07:35.521Z","+16209031462"
"Derek_Colon_705@dsfclimatecool.com","Ey3BVa2m","Derek Colon","MENS","25/12/1999",true,"2023-08-10T12:14:10.400Z","+19037516019"
"Manuel_Bridges_477@dsfclimatecool.com","Ha4HHr3N","Manuel Bridges","MENS","28/05/1984",true,"2023-08-10T12:14:27.581Z","+12313008188"
"Don_Schwarz_694@dsfclimatecool.com","Qh9FuBca","Don Schwarz","MENS","08/07/1971",true,"2023-08-10T12:14:32.835Z","+17194163665"
"Eugene_Robert_162@dsfclimatecool.com","Wz5YYw7Q","Eugene Robert","MENS","21/06/2001",true,"2023-08-10T12:15:45.706Z","+12314435476"
"Christina_Griffin_740@dsfclimatecool.com","Eo9Eq8cs","Christina Griffin","MENS","02/09/1955",true,"2023-08-10T12:22:37.343Z","+19516165933"
"Rose_Fournier_303@dsfclimatecool.com","Fu4JvNxb","Rose Fournier","MENS","03/03/1987",true,"2023-08-10T12:22:39.293Z","+15598514960"
"Andrew_Bolton_661@dsfclimatecool.com","Oy2H2Go6","Andrew Bolton","MENS","07/07/1986",true,"2023-08-10T12:22:40.635Z","+13027860324"
"Nathan_Fagioli_664@dsfclimatecool.com","Wc2FEeI2","Nathan Fagioli","MENS","15/08/1963",true,"2023-08-10T13:24:32.247Z","+18056654271"
"Marion_Pace_360@dsfclimatecool.com","Zb8hcbQT","Marion Pace","MENS","31/10/1950",true,"2023-08-10T13:24:33.676Z","+12095056946"
"Blake_Coleman_149@dsfclimatecool.com","Yt0QxOdj","Blake Coleman","MENS","21/05/1961",true,"2023-08-10T13:24:47.429Z","+17374977392"
"Bernard_Colon_924@dsfclimatecool.com","Uu07jSeO","Bernard Colon","MENS","03/01/1999",true,"2023-08-10T13:24:53.273Z","+17433934567"
"Estella_Simons_299@dsfclimatecool.com","So7PEC1G","Estella Simons","MENS","15/09/1979",true,"2023-08-10T13:25:32.413Z","+17853016575"
"Lulu_Sguanci_933@dsfclimatecool.com","Hl83rLQL","Lulu Sguanci","MENS","30/04/1980",true,"2023-08-10T13:29:52.784Z","+18483287403"
"Alta_Lenzi_554@dsfclimatecool.com","Gv8CMsF0","Alta Lenzi","MENS","23/09/1996",true,"2023-08-10T14:08:31.180Z",
"Stanley_Sguanci_602@dsfclimatecool.com","Xl77nQMP","Stanley Sguanci","MENS","13/09/1967",true,"2023-08-10T14:08:37.106Z",
"Anthony_Mitchell_502@dsfclimatecool.com","Jc4DfXwU","Anthony Mitchell","MENS","29/07/1994",true,"2023-08-10T14:13:12.414Z","+15862500436"
"Harvey_Nencetti_677@dsfclimatecool.com","Gv7pXYp9","Harvey Nencetti","MENS","17/12/2002",true,"2023-08-10T14:13:12.662Z","+17247558403"
"Hunter_Watson_435@dsfclimatecool.com","Nj9OcVMZ","Hunter Watson","MENS","08/06/2001",true,"2023-08-10T14:20:30.399Z","+14256065117"
"Logan_Prosperi_062@dsfclimatecool.com","Gw3WLrNi","Logan Prosperi","MENS","24/02/2002",true,"2023-08-10T14:20:30.622Z","+16612102095"
"Beulah_Atkins_759@dsfclimatecool.com","Pt3PLFT6","Beulah Atkins","MENS","31/10/1990",true,"2023-08-10T14:22:05.205Z","+16693097892"
"Edgar_Bass_111@dsfclimatecool.com","Jy3GDMvE","Edgar Bass","MENS","02/03/1989",true,"2023-08-10T14:29:32.442Z","+12174878806"
"Jason_Rigacci_763@dsfclimatecool.com","Rr9aUyYY","Jason Rigacci","MENS","27/03/1988",true,"2023-08-10T14:29:37.114Z","+13152890674"
"Stanley_Braschi_695@dsfclimatecool.com","Zh74n6hl","Stanley Braschi","MENS","25/02/2000",true,"2023-08-10T14:29:37.183Z","+16065171191"
"Micheal_Morandi_350@dsfclimatecool.com","Rf7XHyiI","Micheal Morandi","MENS","09/02/2001",true,"2023-08-10T14:40:51.037Z","+15189014399"
"Fred_Giannotti_079@dsfclimatecool.com","Fc13uIKi","Fred Giannotti","MENS","18/04/1992",true,"2023-08-10T14:40:51.954Z","+13232304229"
"Paul_Cencetti_425@dsfclimatecool.com","Rg1HdXct","Paul Cencetti","MENS","03/07/1990",true,"2023-08-10T14:44:41.799Z","+12513608517"
"Stella_Dini_618@dsfclimatecool.com","Xd6b64Wx","Stella Dini","MENS","16/07/2002",true,"2023-08-10T14:44:43.577Z","+18703605879"
"Theresa_Webb_790@dsfclimatecool.com","Ja0v9vzr","Theresa Webb","MENS","05/12/1987",true,"2023-08-10T14:53:32.115Z","+12313229224"
"Amy_Romano_436@dsfclimatecool.com","Bj1Enx4b","Amy Romano","MENS","16/07/1986",true,"2023-08-10T14:53:32.442Z","+17208561178"
"Gertrude_Prosperi_074@dsfclimatecool.com","Op6BinU6","Gertrude Prosperi","MENS","18/03/1986",true,"2023-08-10T14:53:34.944Z","+14328278014"
"Ethan_Andres_368@dsfclimatecool.com","Zq05VpEH","Ethan Andres","MENS","22/05/1992",true,"2023-08-10T14:59:26.259Z","+17792459468"
"Lena_Delaunay_541@dsfclimatecool.com","Ol0fviHh","Lena Delaunay","MENS","11/07/1999",true,"2023-08-10T14:59:26.491Z","+18062090194"
"Victoria_Pucci_206@dsfclimatecool.com","Gc85zQlN","Victoria Pucci","MENS","09/01/2000",true,"2023-08-10T14:59:26.544Z","+16612474502"
"Donald_Schaap_306@dsfclimatecool.com","Sw6BRM3t","Donald Schaap","MENS","21/01/2002",true,"2023-08-10T14:59:31.508Z","+18782598019"
"Bertie_Dallai_910@dsfclimatecool.com","Zr1eNYnB","Bertie Dallai","MENS","30/09/1996",true,"2023-08-10T15:06:25.999Z","+12098962318"
"Alice_Frost_945@dsfclimatecool.com","Cw1mZi6N","Alice Frost","MENS","09/12/1995",true,"2023-08-10T15:06:26.615Z","+19302104284"
"Tony_Iwasaki_824@dsfclimatecool.com","Uv2my2w4","Tony Iwasaki","MENS","19/07/1989",true,"2023-08-10T15:06:28.461Z","+17374977114"
"Genevieve_Dawson_020@dsfclimatecool.com","Yo7FMKrQ","Genevieve Dawson","MENS","06/03/1998",true,"2023-08-10T15:06:34.126Z","+16207143794"
"Alma_Martelli_200@dsfclimatecool.com","Sd22YERT","Alma Martelli","MENS","01/01/2000",true,"2023-08-10T15:07:05.529Z","+14482229434"
"Daisy_Cunningham_504@dsfclimatecool.com","Jx90ufED","Daisy Cunningham","MENS","15/04/1989",true,"2023-08-10T15:12:20.835Z","+16077061216"
"Billy_Tamura_304@dsfclimatecool.com","Re99bvcz","Billy Tamura","MENS","02/05/2001",true,"2023-08-10T15:12:25.324Z","+13024656878"
"Nelle_Ciatti_937@dsfclimatecool.com","Qk1g9xLW","Nelle Ciatti","MENS","06/06/1996",true,"2023-08-10T15:12:25.609Z","+18709125454"
"Rhoda_Fisher_579@dsfclimatecool.com","Kz2nr8BE","Rhoda Fisher","MENS","18/01/1987",true,"2023-08-10T15:13:36.448Z","+17477174641"
"Raymond_Francis_870@dsfclimatecool.com","Su73trsy","Raymond Francis","MENS","18/08/1986",true,"2023-08-10T15:13:37.316Z","+15043991775"
"Jessie_Becker_411@dsfclimatecool.com","Yi2MwDJO","Jessie Becker","MENS","13/10/1996",true,"2023-08-11T14:04:51.965Z","+17733940169"
"Landon_Rocchi_189@dsfclimatecool.com","Oo8GHA3h","Landon Rocchi","MENS","15/01/1989",true,"2023-08-11T14:11:40.449Z","+19084738730"
"Roy_Hyde_497@dsfclimatecool.com","Jt7eG5SM","Roy Hyde","MENS","05/10/1999",true,"2023-08-11T14:13:15.249Z","+19295939874"
"Gordon_Kennedy_605@dsfclimatecool.com","Os9hqGh1","Gordon Kennedy","MENS","22/04/1989",true,"2023-08-11T14:28:03.816Z","+16596588710"
"Emily_Franke_450@dsfclimatecool.com","Vx1mxEOf","Emily Franke","MENS","01/11/1985",true,"2023-08-11T14:30:27.352Z","+17193619664"
"Marvin_Rees_031@dsfclimatecool.com","Bt1JQJO6","Marvin Rees","MENS","28/01/1991",true,"2023-08-11T14:38:45.540Z","+17163499121"
"Troy_Becker_313@dsfclimatecool.com","Eh2pvX3D","Troy Becker","MENS","21/11/1996",true,"2023-08-11T14:38:46.036Z","+14849488209"
"Seth_vanDongen_695@dsfclimatecool.com","Cs5WQwWI","Seth van Dongen","MENS","15/12/1999",true,"2023-08-11T14:38:48.790Z","+17692503700"
"Ruth_Schut_014@dsfclimatecool.com","Xb09jcdU","Ruth Schut","MENS","31/03/1999",true,"2023-08-11T14:58:41.270Z","+19716342842"
"Lester_Dennis_402@dsfclimatecool.com","Ky9IghDf","Lester Dennis","MENS","06/03/2000",true,"2023-08-11T14:58:42.369Z","+13526569955"
"Elnora_Morini_918@dsfclimatecool.com","Me5vHHeF","Elnora Morini","MENS","29/08/2001",true,"2023-08-11T14:58:42.596Z","+13855660482"
"Edwin_Roger_997@dsfclimatecool.com","Sh1wMsAd","Edwin Roger","MENS","31/10/1995",true,"2023-08-11T15:11:09.011Z","+15513104015"
"Lawrence_Bassi_918@dsfclimatecool.com","Ak5wJTxx","Lawrence Bassi","MENS","24/05/1990",true,"2023-08-11T15:11:15.909Z","+17252696717"
"Theresa_Ferri_785@dsfclimatecool.com","Qx08ST6b","Theresa Ferri","MENS","17/05/1994",true,"2023-08-11T15:11:16.103Z","+13044157246"
"Elva_Rice_603@dsfclimatecool.com","Pv9ph596","Elva Rice","MENS","04/06/1989",true,"2023-08-11T15:16:08.609Z","+16075483801"
"Mable_McLaughlin_920@dsfclimatecool.com","Tf3uSaAN","Mable McLaughlin","MENS","02/11/2001",true,"2023-08-11T15:16:54.566Z","+19099613180"
"Ollie_Gallo_544@dsfclimatecool.com","Df7CA20G","Ollie Gallo","MENS","13/03/1987",true,"2023-08-11T15:16:56.665Z","+14016189625"
"Jennie_Chan_439@dsfclimatecool.com","Pe6VXPJM","Jennie Chan","MENS","28/07/1987",true,"2023-08-11T15:18:14.507Z","+18397776697"
"Billy_Dean_187@dsfclimatecool.com","Ww2XzUBO","Billy Dean","MENS","09/07/1985",true,"2023-08-11T15:23:50.250Z","+17135649693"
"Max_Snel_970@dsfclimatecool.com","Qx3tK3qA","Max Snel","MENS","29/06/1995",true,"2023-08-11T15:23:52.094Z","+15617051252"
"Warren_Ferraro_235@dsfclimatecool.com","Cp4TxTgY","Warren Ferraro","MENS","13/02/1987",true,"2023-08-11T15:26:03.402Z","+12314556793"
"Daisy_Arnaud_533@dsfclimatecool.com","Yl9eoQ6v","Daisy Arnaud","MENS","23/10/1986",true,"2023-08-11T15:30:12.908Z","+17745418411"
"Adam_Guillot_632@dsfclimatecool.com","Oj4XITFQ","Adam Guillot","MENS","22/01/2000",true,"2023-08-11T15:30:20.292Z","+18482589708"
"Isabel_Okada_566@dsfclimatecool.com","Ur0fcITT","Isabel Okada","MENS","05/09/1987",true,"2023-08-11T15:30:20.583Z",
"Matthew_Humphries_924@dsfclimatecool.com","Lj3CaxXo","Matthew Humphries","MENS","18/10/1992",true,"2023-08-11T15:30:22.467Z","+17073420146"
"Caleb_LaRosa_784@dsfclimatecool.com","Oy78xzBB","Caleb La Rosa","MENS","04/07/1994",true,"2023-08-11T15:38:34.433Z",
"Katherine_Bardazzi_080@dsfclimatecool.com","Wz0O813j","Katherine Bardazzi","MENS","28/10/1987",true,"2023-08-11T15:38:35.048Z","+12397109615"
"Troy_Ruiz_645@dsfclimatecool.com","Nn07tNWl","Troy Ruiz","MENS","16/10/1985",true,"2023-08-11T15:38:38.011Z","+18317317615"
"Hannah_Herbert_417@dsfclimatecool.com","Bm5O6Q3a","Hannah Herbert","MENS","30/08/2000",true,"2023-08-11T17:11:09.381Z","+12393716071"
"Allen_Pratt_254@dsfclimatecool.com","Kt2guqt8","Allen Pratt","MENS","19/02/2001",true,"2023-08-11T17:41:42.666Z","+14237033028"
"Gussie_McGee_268@dsfclimatecool.com","Mx3RY6LU","Gussie McGee","MENS","23/12/1986",true,"2023-08-11T17:46:36.625Z",
"Frank_Jefferson_647@dsfclimatecool.com","Bt2WntVq","Frank Jefferson","MENS","21/08/1999",true,"2023-08-11T17:48:49.729Z","+17245295216"
"Mike_Romolini_138@dsfclimatecool.com","Ug6MYrlM","Mike Romolini","MENS","15/01/1998",true,"2023-08-12T08:08:54.207Z","+15305687556"
"Cody_Pieri_739@dsfclimatecool.com","Mx8EoxhT","Cody Pieri","MENS","21/01/1988",true,"2023-08-12T08:09:08.461Z","+16692851066"
"Randall_Veldkamp_437@dsfclimatecool.com","Xt8yUzDd","Randall Veldkamp","MENS","22/05/1986",true,"2023-08-12T08:09:21.127Z","+15205690784"
"Myra_McBride_989@dsfclimatecool.com","Xf6ZSX2Y","Myra McBride","MENS","10/05/1991",true,"2023-08-12T08:10:09.526Z","+17609808018"
"Olive_Burns_869@dsfclimatecool.com","Ie9iREpt","Olive Burns","MENS","17/10/1985",true,"2023-08-12T08:10:17.435Z","+19165714611"
"Lucille_Betti_312@dsfclimatecool.com","Ef5I0wjd","Lucille Betti","MENS","09/11/1991",true,"2023-08-12T08:14:45.935Z","+15155234432"
"Alberta_Bardi_030@dsfclimatecool.com","Tq5HAenD","Alberta Bardi","MENS","28/05/1995",true,"2023-08-12T08:17:20.453Z","+17604984908"
"Pearl_Weber_902@dsfclimatecool.com","Vk07ZdKD","Pearl Weber","MENS","10/12/1991",true,"2023-08-12T08:29:39.351Z","+16592010421"
"Justin_Ortolani_471@dsfclimatecool.com","Qu3Miev0","Justin Ortolani","MENS","15/04/1996",true,"2023-08-12T08:29:39.788Z","+17377661288"
"Mabelle_Bonnet_526@dsfclimatecool.com","Mv7wLVk4","Mabelle Bonnet","MENS","22/03/1990",true,"2023-08-12T08:29:40.275Z","+12243751629"
"Agnes_Ciabatti_716@dsfclimatecool.com","Op9L70KP","Agnes Ciabatti","MENS","15/03/2002",true,"2023-08-12T08:29:41.526Z","+16812916534"
"Alvin_Cheng_488@dsfclimatecool.com","Bx8T9E77","Alvin Cheng","MENS","21/11/2000",true,"2023-08-12T08:36:35.934Z","+19713148371"
"Jessie_Coppola_322@dsfclimatecool.com","Gk5ViRsH","Jessie Coppola","MENS","07/11/1994",true,"2023-08-12T13:13:14.295Z","+16502137868"
"Patrick_Chiari_225@dsfclimatecool.com","Ab2i3BsB","Patrick Chiari","MENS","21/06/1995",true,"2023-08-12T13:49:38.654Z","+17317470527"
"Myrtle_Ferroni_923@dsfclimatecool.com","Ab6VgDfT","Myrtle Ferroni","MENS","31/12/1985",true,"2023-08-12T13:55:35.325Z","+13526544795"
"Katie_Watson_296@dsfclimatecool.com","Ee3kuZch","Katie Watson","MENS","16/08/1985",true,"2023-08-12T13:57:36.746Z","+15156711789"
"Isabel_Noguchi_156@dsfclimatecool.com","Ol9d03yC","Isabel Noguchi","MENS","28/11/2002",true,"2023-08-12T14:03:41.620Z","+15513726229"
"Norman_Iwasaki_005@dsfclimatecool.com","Yi5HuiKJ","Norman Iwasaki","MENS","15/10/1986",true,"2023-08-12T14:05:41.110Z","+19894751441"
"Christina_Porter_946@dsfclimatecool.com","Dp7Z9OFJ","Christina Porter","MENS","08/03/1986",true,"2023-08-12T14:08:52.496Z","+12513648174"
"Frances_Wyatt_174@dsfclimatecool.com","Jd3vVXY6","Frances Wyatt","MENS","26/04/1990",true,"2023-08-12T15:05:38.216Z",
"Jesse_Koster_883@dsfclimatecool.com","Ph2RCkEy","Jesse Koster","MENS","21/07/2000",true,"2023-08-12T15:05:43.584Z","+17439026252"
"Norman_Parker_462@dsfclimatecool.com","It9wu7mE","Norman Parker","MENS","22/03/1991",true,"2023-08-14T14:21:03.458Z","+15742058280"
"Pearl_Doyle_781@dsfclimatecool.com","Fr3Ysv87","Pearl Doyle","MENS","29/09/1988",true,"2023-08-14T14:25:46.061Z","+17734066805"
"Harriet_Martin_183@dsfclimatecool.com","Qg4gwp54","Harriet Martin","MENS","02/10/1997",true,"2023-08-14T14:34:35.726Z","+19034142650"
"Tony_Coli_695@dsfclimatecool.com","Kl0sh7gX","Tony Coli","MENS","05/08/1998",true,"2023-08-14T14:34:35.894Z","+14142791469"
"Jane_Campbell_962@dsfclimatecool.com","Gf1fy3Ji","Jane Campbell","MENS","06/12/1987",true,"2023-08-14T14:37:13.463Z","+18654247419"
"Ollie_Arnold_514@dsfclimatecool.com","Zd5FygKx","Ollie Arnold","MENS","08/08/1990",true,"2023-08-14T14:40:27.780Z","+14256065964"
"Bryan_Ciapetti_769@dsfclimatecool.com","Ua0ttQKA","Bryan Ciapetti","MENS","25/08/2000",true,"2023-08-14T14:40:37.852Z","+18395298111"
"Theresa_Jaspers_777@dsfclimatecool.com","Sg0C796g","Theresa Jaspers","MENS","07/06/1989",true,"2023-08-14T14:41:20.202Z","+19794828355"
"Sam_Poli_841@dsfclimatecool.com","Qv19pDnk","Sam Poli","MENS","24/08/1990",true,"2023-08-14T14:44:47.472Z","+16405004580"
"Lucile_Amato_552@dsfclimatecool.com","Ra18Zaio","Lucile Amato","MENS","29/11/1986",true,"2023-08-14T14:44:51.289Z","+16077061136"
"Jeff_Conforti_626@dsfclimatecool.com","Ce6Kx8sA","Jeff Conforti","MENS","27/04/1988",true,"2023-08-14T14:47:03.516Z","+17374977924"
"Sue_Marchese_647@dsfclimatecool.com","Yp1CaXug","Sue Marchese","MENS","18/11/1987",true,"2023-08-14T15:11:54.271Z","+16312515338"
"Ida_Baccani_799@dsfclimatecool.com","Uz0QJ1eY","Ida Baccani","MENS","31/05/1985",true,"2023-08-14T15:11:55.043Z",
"Lillie_Mahmood_375@dsfclimatecool.com","Fw1mEZqY","Lillie Mahmood","MENS","19/11/1997",true,"2023-08-14T15:13:48.323Z","+14406009930"
"Frances_Alblas_142@dsfclimatecool.com","Mi0g9Bej","Frances Alblas","MENS","17/12/1997",true,"2023-08-14T15:16:55.279Z","+13855260373"
"Lawrence_Peterson_719@dsfclimatecool.com","Cp3XfeEP","Lawrence Peterson","MENS","27/05/1990",true,"2023-08-14T15:19:17.309Z","+16015410879"
"George_Saunders_166@dsfclimatecool.com","Ov17C8XB","George Saunders","MENS","13/12/1995",true,"2023-08-14T15:43:41.226Z",
"Jeremy_Cianfanelli_821@dsfclimatecool.com","To2D4bvt","Jeremy Cianfanelli","MENS","13/11/2001",true,"2023-08-14T15:44:37.488Z",
"Ann_Bell_571@dsfclimatecool.com","Ok4WmtOK","Ann Bell","MENS","14/08/1986",true,"2023-08-14T15:44:42.453Z","+13172056059"
"Johanna_Bonciani_341@dsfclimatecool.com","Fx7x7g04","Johanna Bonciani","MENS","12/06/1995",true,"2023-08-14T15:44:49.192Z","+18703939643"
"Henry_Benucci_389@dsfclimatecool.com","Df9U8L0u","Henry Benucci","MENS","05/03/1986",true,"2023-08-14T16:46:19.511Z","+16193918798"
"Mittie_Maldonado_529@dsfclimatecool.com","Zz6xkRJ1","Mittie Maldonado","MENS","23/06/1996",true,"2023-08-16T06:30:54.554Z","+15172049117"
"Duane_Franke_866@dsfclimatecool.com","Gr9peyod","Duane Franke","MENS","19/12/1991",true,"2023-08-16T06:31:03.873Z","+15169575580"
"Charlie_Michelozzi_697@dsfclimatecool.com","Ko1n8uzN","Charlie Michelozzi","MENS","26/02/1992",true,"2023-08-16T07:05:49.958Z",
"George_Rowley_758@dsfclimatecool.com","Xj7F6Yxg","George Rowley","MENS","16/08/1988",true,"2023-08-16T07:05:50.627Z",
"Duane_Zini_389@dsfclimatecool.com","Sd6baInC","Duane Zini","MENS","17/07/1988",true,"2023-08-16T07:06:28.779Z","+19853344527"
"Rhoda_Strickland_849@dsfclimatecool.com","Um6ElGku","Rhoda Strickland","MENS","21/07/1996",true,"2023-08-16T07:06:31.323Z","+13469661527"